"Time per step","Total parameters","_defaultColorIndex","id","name"
"0.10015071849060059","237665152","5","up9pchyd","R=128"
"0.10284431365966798","219380608","3","e7v80ft7","R=64"
"0.10112014131164551","210238336","0","aleula9s","R=32"
"0.10180969250488282","205667200","14","i0mb9ak8","R=16"