"Time per step","Trainable parameters","_defaultColorIndex","id","name"
"0.04966499320983885","207517056","2","sexi2qr6","6 Layers"
"0.04929319116973877","203976576","4","hz26yqvk","5 Layers"
"0.050671388610839856","200436096","3","k3sugt5","4 Layers"
"0.0500086435","196895616","3","xxxxxx","3 Layers"
"0.04809734555053714","193355136","1","f1u5s6f3","2 Layers"
"0.0500897505","189814656","1","xxxxxx","1 Layer"
"0.04934765983581542","186274176","2","ljhf8xwc","No Layers"